{
  "fill-specializations" : [
    {
      "value" : {
        "linear-gradient" : [
          "display-p3:0.19216,0.19216,0.19216,1.00000",
          "srgb:0.00784,0.00784,0.00784,1.00000"
        ]
      }
    },
    {
      "appearance" : "dark",
      "value" : {
        "linear-gradient" : [
          "display-p3:0.19216,0.19216,0.19216,1.00000",
          "srgb:0.00784,0.00784,0.00784,1.00000"
        ]
      }
    }
  ],
  "groups" : [
    {
      "blend-mode" : "screen",
      "blur-material" : null,
      "hidden" : false,
      "layers" : [
        {
          "blend-mode" : "normal",
          "glass" : true,
          "hidden" : false,
          "image-name" : "webex-logo-color-container-1.svg",
          "name" : "webex-logo-color-container-1",
          "opacity" : 0.01
        }
      ],
      "lighting" : "individual",
      "opacity" : 0.24,
      "shadow" : {
        "kind" : "none",
        "opacity" : 0.5
      },
      "specular" : true,
      "translucency" : {
        "enabled" : true,
        "value" : 0.5
      }
    },
    {
      "blur-material" : 0.3,
      "hidden" : false,
      "layers" : [
        {
          "image-name" : "webex-logo-color-container 2.svg",
          "name" : "webex-logo-color-container 2",
          "opacity" : 0.9
        }
      ],
      "lighting" : "individual",
      "name" : "Group",
      "opacity" : 1,
      "shadow" : {
        "kind" : "neutral",
        "opacity" : 0.5
      },
      "specular" : false,
      "translucency" : {
        "enabled" : true,
        "value" : 0.5
      }
    },
    {
      "blur-material" : 0.2,
      "hidden" : false,
      "layers" : [
        {
          "hidden" : false,
          "image-name" : "webex-logo-color-container-2.svg",
          "name" : "webex-logo-color-container-2",
          "opacity" : 0.9
        }
      ],
      "lighting" : "combined",
      "name" : "Group",
      "shadow" : {
        "kind" : "neutral",
        "opacity" : 0.5
      },
      "specular" : true,
      "translucency" : {
        "enabled" : true,
        "value" : 0.5
      }
    },
    {
      "hidden" : false,
      "layers" : [
        {
          "glass" : true,
          "hidden" : false,
          "image-name" : "webex-logo-color-container-1 2.svg",
          "name" : "webex-logo-color-container-1 2"
        }
      ],
      "shadow" : {
        "kind" : "neutral",
        "opacity" : 0.5
      },
      "translucency" : {
        "enabled" : true,
        "value" : 0.5
      }
    }
  ],
  "supported-platforms" : {
    "circles" : [
      "watchOS"
    ],
    "squares" : "shared"
  }
}